X,CH1,CH2,Start,Increment
Sequence,Ampere,Millimeter,-5.000000e-03,2.000000e-05
0,100.781,45.000
1,101.562,45.000
2,100.781,45.000
3,101.562,45.000
4,100.781,44.688
5,101.562,45.000
6,100.000,45.000
7,102.344,44.688
8,100.000,45.000
9,101.562,44.688
10,101.562,45.000
11,100.781,44.688
12,100.000,45.000
13,100.000,45.000
14,101.562,45.000
15,100.781,45.000
16,100.781,45.000
17,100.000,44.688
18,101.562,45.000
19,101.562,45.000
20,100.000,45.000
21,99.219,45.000
22,100.781,45.000
23,100.781,45.000
24,101.562,45.000
25,101.562,45.000
26,100.781,45.000
27,100.781,45.000
28,99.219,44.688
29,98.438,45.000
30,100.781,45.000
31,100.000,44.688
32,100.781,45.000
33,100.000,45.000
34,98.438,45.312
35,100.000,45.000
36,100.781,45.000
37,101.562,45.000
38,100.000,45.000
39,99.219,45.000
40,100.000,44.688
41,99.219,44.688
42,100.000,44.688
43,98.438,45.312
44,99.219,45.000
45,100.781,45.000
46,100.000,45.000
47,99.219,45.000
48,99.219,45.000
49,100.000,45.000
50,100.000,45.000
51,100.000,45.000
52,101.562,44.375
53,100.000,45.312
54,98.438,45.000
55,100.000,45.000
56,98.438,44.688
57,99.219,44.688
58,100.000,44.688
59,98.438,44.375
60,99.219,44.688
61,100.781,45.000
62,97.656,45.000
63,98.438,45.000
64,100.000,45.000
65,99.219,44.688
66,100.000,45.000
67,98.438,44.688
68,98.438,44.688
69,100.000,45.000
70,98.438,45.000
71,99.219,45.000
72,100.781,45.000
73,98.438,44.688
74,98.438,45.000
75,99.219,45.000
76,99.219,45.000
77,99.219,44.688
78,99.219,45.000
79,97.656,44.688
80,99.219,44.688
81,98.438,45.000
82,99.219,44.688
83,96.875,44.688
84,100.000,45.000
85,99.219,45.000
86,99.219,45.000
87,100.000,45.312
88,98.438,44.688
89,99.219,45.000
90,98.438,44.688
91,99.219,45.312
92,100.000,44.688
93,100.000,45.000
94,97.656,45.000
95,100.000,45.000
96,100.000,45.000
97,99.219,44.688
98,99.219,45.000
99,100.000,45.312
100,100.000,45.000
101,99.219,45.000
102,100.000,45.000
103,100.781,44.688
104,99.219,45.000
105,99.219,44.688
106,100.000,45.000
107,100.781,45.000
108,100.000,45.000
109,100.781,44.688
110,100.781,45.000
111,100.781,45.000
112,98.438,44.688
113,99.219,44.688
114,100.781,44.688
115,98.438,44.688
116,98.438,44.688
117,99.219,44.688
118,100.781,45.000
119,100.000,45.000
120,100.000,45.312
121,100.781,45.000
122,100.781,44.688
123,100.781,45.000
124,100.000,45.000
125,100.000,44.688
126,100.781,45.000
127,100.781,44.688
128,100.781,45.000
129,100.781,45.000
130,100.781,45.000
131,99.219,45.312
132,100.000,44.688
133,100.781,44.688
134,100.781,45.000
135,100.781,45.000
136,100.000,44.688
137,100.781,45.000
138,101.562,44.688
139,100.781,44.688
140,100.000,44.688
141,100.781,44.688
142,101.562,45.312
143,100.781,44.688
144,100.000,45.000
145,100.000,44.688
146,100.000,44.688
147,101.562,44.688
148,101.562,44.688
149,100.000,44.688
150,100.000,45.000
151,101.562,45.000
152,102.344,44.688
153,100.781,44.688
154,100.781,44.688
155,101.562,44.688
156,100.781,44.688
157,101.562,44.688
158,100.781,45.000
159,100.781,44.688
160,101.562,44.688
161,100.781,45.000
162,103.125,44.688
163,100.781,45.000
164,100.781,44.688
165,100.000,45.000
166,101.562,44.688
167,102.344,45.000
168,101.562,45.000
169,100.781,44.688
170,100.781,45.000
171,100.000,45.000
172,100.781,45.000
173,100.000,44.688
174,100.781,44.688
175,101.562,45.000
176,100.781,44.688
177,100.000,45.000
178,100.781,44.688
179,101.562,45.000
180,100.000,45.000
181,100.781,45.000
182,100.781,44.688
183,100.781,44.688
184,102.344,45.000
185,101.562,44.688
186,99.219,45.312
187,100.000,44.688
188,100.781,45.000
189,100.781,45.000
190,100.000,44.688
191,101.562,44.688
192,100.781,45.000
193,101.562,44.688
194,100.781,45.000
195,100.781,45.000
196,101.562,45.000
197,100.781,45.000
198,100.000,45.000
199,100.000,44.688
200,100.000,45.000
201,99.219,45.000
202,100.781,45.000
203,99.219,45.000
204,101.562,44.688
205,100.781,45.000
206,98.438,44.688
207,100.000,44.688
208,100.000,45.000
209,99.219,44.688
210,98.438,45.000
211,100.781,45.000
212,99.219,45.000
213,100.000,45.000
214,99.219,45.000
215,99.219,45.000
216,98.438,45.000
217,100.781,45.000
218,98.438,45.000
219,100.000,45.000
220,99.219,45.000
221,99.219,44.688
222,100.781,45.000
223,100.000,45.000
224,99.219,45.000
225,99.219,44.688
226,98.438,45.000
227,98.438,45.000
228,98.438,44.688
229,100.000,45.000
230,99.219,45.000
231,100.781,45.000
232,98.438,44.688
233,99.219,44.688
234,100.000,44.688
235,98.438,44.688
236,100.000,45.000
237,99.219,44.688
238,100.000,45.000
239,99.219,45.000
240,98.438,44.688
241,98.438,45.000
242,98.438,45.000
243,98.438,44.688
244,98.438,44.688
245,100.781,44.688
246,100.000,45.000
247,97.656,45.000
248,100.781,44.375
249,98.438,44.688
250,100.000,45.000
251,99.219,44.688
252,99.219,45.000
253,98.438,44.688
254,99.219,44.688
255,99.219,45.000
256,98.438,44.688
257,99.219,44.688
258,98.438,44.688
259,97.656,44.688
260,99.219,45.000
261,98.438,45.000
262,99.219,45.000
263,99.219,44.688
264,97.656,44.688
265,99.219,45.000
266,98.438,45.312
267,99.219,45.000
268,99.219,44.688
269,100.000,44.375
270,97.656,45.000
271,98.438,45.000
272,100.000,44.688
273,100.000,45.000
274,100.000,45.000
275,100.781,45.000
276,100.781,44.688
277,100.000,45.000
278,99.219,45.000
279,99.219,44.688
280,100.781,44.688
281,100.000,45.000
282,99.219,44.688
283,97.656,45.000
284,99.219,44.688
285,99.219,45.000
286,100.781,44.688
287,99.219,44.688
288,99.219,45.000
289,100.000,44.688
290,100.000,45.000
291,100.000,45.000
292,101.562,45.000
293,100.781,45.000
294,101.562,45.312
295,101.562,44.688
296,100.781,45.000
297,101.562,45.000
298,100.781,45.000
299,100.781,44.688
300,99.219,45.000
301,100.781,44.688
302,100.781,44.688
303,100.781,45.000
304,100.781,45.000
305,100.781,44.688
306,100.781,44.688
307,100.781,45.000
308,101.562,45.000
309,100.781,45.000
310,100.000,44.688
311,100.781,45.000
312,100.781,45.000
313,100.781,45.312
314,101.562,45.625
315,100.000,45.000
316,101.562,44.688
317,100.781,45.000
318,100.781,44.688
319,101.562,44.688
320,101.562,45.000
321,100.781,45.000
322,100.781,45.000
323,100.781,44.688
324,101.562,45.000
325,100.781,45.000
326,102.344,44.688
327,102.344,45.000
328,100.781,45.000
329,100.781,44.688
330,101.562,45.000
331,100.781,44.688
332,100.781,44.688
333,101.562,45.000
334,101.562,45.000
335,102.344,45.000
336,100.781,44.688
337,100.781,44.688
338,100.781,45.000
339,100.781,45.000
340,101.562,45.000
341,100.781,45.000
342,100.000,45.000
343,101.562,44.688
344,101.562,44.688
345,100.000,45.000
346,100.781,45.000
347,101.562,45.000
348,101.562,45.000
349,100.781,45.000
350,100.781,44.688
351,101.562,45.000
352,100.000,44.688
353,100.781,44.688
354,100.781,44.688
355,100.781,45.000
356,100.781,44.688
357,100.000,45.000
358,100.781,44.688
359,100.000,45.000
360,100.781,45.000
361,100.000,45.312
362,100.000,44.688
363,100.000,45.000
364,99.219,44.688
365,100.781,44.688
366,100.000,45.000
367,99.219,45.000
368,100.000,44.375
369,100.000,45.000
370,100.781,45.000
371,100.000,45.312
372,100.000,45.000
373,99.219,45.000
374,100.000,45.000
375,99.219,45.000
376,100.000,44.688
377,98.438,45.000
378,99.219,45.000
379,100.781,44.688
380,99.219,45.000
381,100.000,45.000
382,100.000,45.000
383,98.438,45.000
384,99.219,45.000
385,98.438,45.000
386,99.219,45.000
387,100.000,45.000
388,99.219,44.688
389,99.219,45.312
390,99.219,44.688
391,98.438,45.312
392,100.000,45.000
393,99.219,45.000
394,99.219,45.000
395,98.438,45.312
396,99.219,45.000
397,97.656,45.000
398,99.219,44.688
399,100.000,44.688
400,99.219,45.000
401,100.000,44.688
402,99.219,45.000
403,99.219,45.000
404,99.219,45.000
405,99.219,45.000
406,99.219,45.000
407,98.438,45.000
408,100.000,45.000
409,98.438,45.000
410,99.219,45.000
411,99.219,45.000
412,99.219,45.000
413,100.000,45.000
414,99.219,44.688
415,99.219,45.000
416,98.438,45.000
417,98.438,45.312
418,99.219,44.688
419,99.219,45.312
420,98.438,45.000
421,98.438,45.000
422,100.000,44.688
423,99.219,45.000
424,99.219,45.000
425,98.438,45.000
426,100.781,45.000
427,98.438,44.688
428,100.000,45.000
429,100.000,45.000
430,99.219,45.000
431,100.000,45.000
432,99.219,45.000
433,99.219,44.688
434,99.219,45.000
435,100.000,45.312
436,100.000,44.688
437,100.000,45.312
438,98.438,45.000
439,100.000,45.000
440,100.000,45.000
441,100.000,45.000
442,99.219,45.000
443,99.219,45.312
444,100.000,45.000
445,100.000,45.000
446,100.781,45.312
447,100.781,45.000
448,100.000,45.000
449,102.344,44.688
450,100.000,45.000
451,100.000,45.000
452,100.000,45.000
453,98.438,44.688
454,100.000,45.000
455,100.781,45.312
456,99.219,44.688
457,100.000,45.000
458,99.219,45.000
459,100.000,45.000
460,99.219,45.312
461,100.000,45.000
462,102.344,45.000
463,101.562,45.000
464,100.781,45.000
465,100.000,45.000
466,100.781,44.688
467,101.562,45.000
468,100.781,44.688
469,100.781,45.000
470,100.781,45.000
471,100.781,45.000
472,100.781,45.000
473,100.781,45.000
474,100.781,45.000
475,100.781,45.000
476,100.000,45.312
477,100.000,44.688
478,100.781,45.000
479,100.781,45.000
480,102.344,44.688
481,101.562,45.000
482,101.562,44.688
483,101.562,45.000
484,101.562,45.000
485,100.781,45.000
486,100.781,45.000
487,101.562,45.000
488,100.781,45.312
489,102.344,45.000
490,100.000,45.000
491,100.781,44.688
492,100.000,45.000
493,100.781,45.312
494,100.781,45.000
495,102.344,45.000
496,100.781,45.000
497,100.781,45.000
498,101.562,45.000
499,100.000,45.000
500,101.562,44.688
501,100.000,45.312
502,100.781,45.000
503,100.781,44.688
504,100.781,45.000
505,101.562,45.000
506,101.562,45.312
507,100.000,45.000
508,100.781,45.000
509,100.781,45.000
510,100.781,45.312
511,100.781,45.000
512,100.000,45.312
513,100.000,45.312
514,100.781,44.688
515,100.781,45.000
516,100.000,44.688
517,101.562,45.000
518,100.781,45.000
519,101.562,45.000
520,100.000,45.000
521,100.000,45.000
522,100.781,45.000
523,100.781,45.312
524,100.781,44.688
525,100.000,45.000
526,100.781,45.312
527,100.781,45.312
528,100.781,45.312
529,100.000,45.000
530,100.000,45.000
531,100.000,44.688
532,100.781,45.000
533,99.219,45.312
534,99.219,45.000
535,99.219,45.312
536,99.219,45.000
537,100.781,45.000
538,100.000,45.000
539,100.000,45.312
540,100.000,45.000
541,99.219,45.312
542,99.219,45.000
543,98.438,45.312
544,100.000,45.000
545,100.000,45.312
546,99.219,45.000
547,99.219,45.312
548,100.000,45.312
549,101.562,45.000
550,99.219,45.000
551,99.219,45.000
552,100.781,45.312
553,100.000,45.000
554,98.438,45.312
555,100.000,45.312
556,100.000,45.312
557,99.219,45.000
558,99.219,45.312
559,100.000,45.000
560,100.000,45.000
561,99.219,45.000
562,99.219,44.688
563,99.219,45.312
564,98.438,45.000
565,98.438,45.000
566,100.000,45.312
567,99.219,45.000
568,97.656,45.000
569,100.000,45.000
570,99.219,45.312
571,98.438,45.000
572,98.438,45.000
573,98.438,45.000
574,99.219,45.312
575,100.000,45.000
576,99.219,45.000
577,99.219,45.000
578,98.438,44.688
579,100.000,45.312
580,98.438,45.000
581,99.219,45.312
582,98.438,45.312
583,97.656,45.000
584,98.438,45.312
585,99.219,45.000
586,98.438,45.000
587,98.438,45.000
588,98.438,44.688
589,98.438,45.000
590,98.438,44.688
591,100.000,45.000
592,98.438,45.000
593,99.219,45.000
594,98.438,45.000
595,99.219,45.000
596,99.219,45.000
597,99.219,45.312
598,99.219,45.312
599,99.219,45.312
600,100.000,44.688
601,99.219,45.000
602,100.000,45.312
603,100.781,45.000
604,100.000,45.312
605,100.781,45.000
606,98.438,45.312
607,100.000,45.000
608,99.219,45.000
609,100.781,44.688
610,98.438,45.000
611,100.000,45.000
612,100.000,45.000
613,100.000,45.000
614,99.219,45.000
615,100.000,45.000
616,100.781,44.688
617,101.562,44.688
618,100.000,44.688
619,100.000,44.688
620,100.000,44.688
621,101.562,45.000
622,100.781,44.688
623,100.000,45.000
624,99.219,44.688
625,100.781,45.000
626,102.344,44.688
627,100.781,44.688
628,99.219,44.688
629,100.000,45.000
630,101.562,45.000
631,100.000,44.688
632,102.344,44.688
633,102.344,44.688
634,99.219,44.688
635,100.781,44.688
636,101.562,44.688
637,100.781,45.000
638,100.000,44.688
639,100.000,45.000
640,100.781,44.688
641,101.562,44.688
642,101.562,44.688
643,100.781,44.688
644,100.781,44.688
645,101.562,44.688
646,100.000,44.375
647,100.781,44.062
648,101.562,44.375
649,101.562,44.688
650,100.781,44.688
651,100.781,44.688
652,101.562,44.375
653,101.562,44.375
654,101.562,44.375
655,101.562,44.375
656,102.344,44.062
657,101.562,44.062
658,100.000,44.062
659,101.562,44.375
660,100.781,44.062
661,100.781,44.375
662,101.562,44.375
663,101.562,44.062
664,99.219,44.062
665,100.781,43.750
666,100.781,44.062
667,101.562,44.062
668,101.562,44.062
669,100.781,44.062
670,101.562,43.750
671,78.906,44.062
672,60.938,43.750
673,52.344,44.062
674,42.969,44.062
675,28.125,43.750
676,19.531,43.125
677,21.875,43.750
678,15.625,44.062
679,12.500,43.438
680,11.719,43.750
681,10.156,43.750
682,9.375,43.750
683,6.250,43.750
684,2.344,43.438
685,4.688,43.750
686,3.125,43.438
687,0.781,43.125
688,0.000,43.438
689,0.781,43.438
690,3.125,43.438
691,1.562,43.438
692,-0.781,43.438
693,0.781,43.125
694,2.344,43.438
695,0.000,43.438
696,0.781,42.812
697,0.781,43.125
698,-1.562,42.812
699,0.781,43.125
700,-0.000,42.812
701,-0.000,42.812
702,-0.781,42.812
703,-0.000,42.812
704,-0.000,42.812
705,-0.781,42.812
706,-1.562,42.812
707,-0.000,42.812
708,-0.781,42.812
709,-1.562,42.500
710,-0.781,42.500
711,-1.562,42.812
712,-0.781,42.500
713,-0.781,42.812
714,-0.000,42.500
715,-0.781,42.500
716,-0.781,42.500
717,-0.000,42.188
718,-0.781,42.188
719,-1.562,42.188
720,-0.781,42.500
721,-0.781,42.500
722,-3.125,41.875
723,-1.562,42.188
724,-0.781,41.875
725,-0.781,41.875
726,-0.000,41.875
727,-0.781,42.188
728,-0.781,41.875
729,-1.562,41.875
730,-0.781,41.875
731,-0.781,41.875
732,-0.781,41.562
733,-1.562,41.562
734,-2.344,41.562
735,-1.562,41.562
736,-1.562,41.250
737,-3.125,41.250
738,-1.562,41.250
739,-1.562,40.938
740,0.000,41.250
741,-0.781,40.938
742,-0.781,40.938
743,-0.781,40.938
744,-0.781,40.938
745,-1.562,40.938
746,-1.562,40.938
747,-2.344,40.625
748,-1.562,40.625
749,-2.344,40.625
750,-1.562,40.625
751,-0.781,40.625
752,-3.125,40.625
753,-1.562,40.625
754,-1.562,40.312
755,-1.562,40.000
756,-1.562,40.625
757,-1.562,40.312
758,-1.562,40.312
759,-2.344,40.312
760,-0.781,40.000
761,-3.125,40.000
762,0.000,39.688
763,-0.000,39.688
764,-1.562,39.688
765,-0.000,40.000
766,-0.000,39.688
767,-2.344,39.688
768,-2.344,39.688
769,-0.781,39.375
770,-0.781,39.375
771,0.000,39.375
772,-2.344,39.375
773,-1.562,39.375
774,-1.562,39.375
775,-0.781,39.062
776,-0.781,39.062
777,0.000,39.062
778,-0.781,38.750
779,-0.781,38.750
780,-0.781,38.750
781,-0.781,39.062
782,0.781,38.438
783,-0.781,38.438
784,-0.000,38.750
785,-0.781,38.750
786,-1.562,38.750
787,-2.344,38.438
788,0.781,38.438
789,0.000,38.125
790,-0.781,38.438
791,0.000,38.438
792,-0.000,38.125
793,-0.781,38.125
794,0.781,37.812
795,0.781,37.812
796,-0.000,37.500
797,0.000,37.812
798,1.562,37.500
799,-0.000,37.500
800,1.562,37.500
801,0.781,37.500
802,0.000,37.188
803,0.781,37.500
804,0.781,37.188
805,0.781,37.188
806,0.781,37.188
807,0.781,36.875
808,0.000,36.562
809,2.344,36.875
810,-0.781,36.562
811,0.781,36.875
812,-0.000,36.562
813,0.000,36.562
814,0.000,36.875
815,0.781,36.562
816,1.562,36.562
817,-0.781,36.250
818,0.000,36.250
819,2.344,35.938
820,0.000,36.250
821,0.781,35.938
822,0.781,35.625
823,0.000,35.938
824,-0.000,35.625
825,0.781,35.625
826,1.562,35.625
827,0.781,35.312
828,0.000,35.625
829,1.562,35.000
830,1.562,35.312
831,1.562,35.312
832,1.562,35.312
833,-0.781,35.000
834,0.781,35.000
835,0.781,35.000
836,-0.000,34.688
837,0.000,34.688
838,0.781,34.688
839,0.000,34.688
840,-0.000,34.375
841,0.781,34.375
842,0.781,34.062
843,2.344,34.375
844,1.562,34.062
845,1.562,34.062
846,0.781,34.062
847,-0.000,34.062
848,1.562,33.750
849,0.781,34.062
850,0.781,33.750
851,-0.000,33.750
852,-0.000,33.750
853,-0.000,33.125
854,0.000,33.438
855,0.781,33.125
856,-0.781,33.125
857,-0.781,33.125
858,-0.781,33.125
859,-0.781,33.125
860,-0.781,32.812
861,-0.781,32.812
862,-0.781,32.812
863,-0.000,32.500
864,-0.000,32.812
865,0.781,32.500
866,-0.781,32.500
867,-0.781,32.188
868,-0.781,32.188
869,-0.781,32.188
870,-0.781,32.188
871,0.000,31.875
872,-0.781,32.188
873,0.000,31.562
874,-1.562,31.562
875,-1.562,31.875
876,-0.000,31.250
877,-0.781,31.562
878,-0.781,31.250
879,-0.000,31.250
880,-1.562,31.250
881,-1.562,30.938
882,-2.344,30.938
883,-2.344,30.938
884,-0.781,30.938
885,-1.562,30.625
886,-1.562,30.625
887,-0.781,30.938
888,-1.562,30.625
889,-1.562,30.625
890,-0.781,30.312
891,-1.562,30.000
892,-0.781,30.312
893,-0.781,30.312
894,-1.562,30.000
895,-1.562,30.000
896,-0.000,30.000
897,-1.562,30.000
898,-2.344,29.688
899,-1.562,29.688
900,-0.781,29.062
901,-3.125,29.375
902,-0.781,29.062
903,-0.781,29.062
904,-0.781,28.750
905,-0.781,29.375
906,0.000,29.062
907,-2.344,28.750
908,-1.562,28.750
909,-0.781,28.438
910,-0.000,28.750
911,-2.344,28.438
912,-1.562,28.438
913,-2.344,28.438
914,-2.344,28.125
915,-1.562,28.125
916,-0.781,28.125
917,-2.344,27.812
918,-2.344,27.812
919,-1.562,27.812
920,-2.344,27.812
921,-1.562,27.812
922,-1.562,27.500
923,-2.344,27.500
924,-0.000,27.500
925,-1.562,27.500
926,-0.781,27.500
927,-0.781,26.875
928,-0.781,26.875
929,0.000,26.875
930,-2.344,26.875
931,-1.562,26.875
932,-2.344,26.875
933,-0.781,26.562
934,-0.781,26.562
935,-1.562,26.250
936,-0.000,26.250
937,-1.562,26.250
938,0.000,25.938
939,-1.562,26.250
940,-0.781,25.938
941,-0.000,25.938
942,0.000,25.625
943,-1.562,25.625
944,-0.781,25.938
945,-0.000,25.625
946,-1.562,25.312
947,-0.781,25.312
948,-1.562,25.312
949,-1.562,25.000
950,0.781,25.312
951,0.000,24.688
952,-0.781,24.688
953,-0.781,25.000
954,-0.000,24.688
955,-1.562,24.688
956,-0.781,24.688
957,1.562,24.375
958,-0.781,24.375
959,0.000,24.062
960,1.562,23.750
961,0.781,24.062
962,-0.781,24.062
963,-0.781,24.062
964,1.562,24.062
965,0.781,23.750
966,-0.000,23.750
967,0.781,23.125
968,-0.000,23.438
969,0.781,23.438
970,-0.000,23.438
971,0.781,23.125
972,-0.000,22.812
973,0.000,23.125
974,0.000,22.500
975,0.781,22.812
976,0.000,22.812
977,0.781,22.812
978,0.781,22.500
979,0.781,22.500
980,0.781,22.500
981,-0.781,22.188
982,2.344,21.875
983,0.781,22.188
984,-0.000,22.188
985,1.562,22.188
986,0.781,21.875
987,1.562,21.562
988,1.562,21.562
989,-0.781,21.562
990,0.000,21.250
991,0.781,21.250
992,0.781,21.562
993,-0.000,21.250
994,0.781,20.938
995,0.781,20.938
996,-0.781,20.938
997,0.781,20.938
998,0.781,20.625
999,0.781,20.938
1000,-0.000,20.938
1001,0.781,20.312
1002,0.781,20.625
1003,0.000,20.312
1004,0.781,20.000
1005,0.781,20.000
1006,0.781,20.000
1007,-0.000,20.312
1008,0.781,19.688
1009,0.000,19.688
1010,0.781,19.375
1011,-0.781,20.000
1012,1.562,19.688
1013,0.000,19.375
1014,0.000,19.375
1015,0.000,19.375
1016,0.000,19.062
1017,-0.000,19.062
1018,0.781,19.062
1019,-0.000,19.062
1020,0.781,18.750
1021,0.000,18.750
1022,1.562,18.750
1023,0.000,18.750
1024,0.000,18.438
1025,-0.000,18.438
1026,-0.781,18.125
1027,0.000,18.125
1028,-1.562,18.438
1029,-0.000,17.812
1030,0.000,17.812
1031,-0.000,18.125
1032,-0.000,17.500
1033,-0.000,17.500
1034,-0.000,17.500
1035,-0.781,17.188
1036,-1.562,17.500
1037,-0.781,17.500
1038,-0.781,17.500
1039,-0.781,17.188
1040,0.781,17.188
1041,-0.000,16.875
1042,-0.000,16.875
1043,-0.781,16.875
1044,-0.000,16.875
1045,-2.344,16.875
1046,-1.562,16.562
1047,-1.562,16.562
1048,-0.781,16.250
1049,-0.781,16.562
1050,-1.562,16.250
1051,-1.562,16.250
1052,-0.781,16.250
1053,-1.562,15.938
1054,-0.781,15.938
1055,0.000,15.938
1056,-1.562,15.938
1057,-1.562,15.625
1058,0.781,15.312
1059,-1.562,15.312
1060,-0.000,15.625
1061,-0.781,15.312
1062,-1.562,15.312
1063,-1.562,15.000
1064,-0.000,15.000
1065,-0.000,15.000
1066,-0.781,15.000
1067,-3.125,15.312
1068,-1.562,14.688
1069,-0.781,14.688
1070,-1.562,15.000
1071,-2.344,14.375
1072,-0.781,14.688
1073,-1.562,14.375
1074,-2.344,14.375
1075,-0.781,14.062
1076,-1.562,14.062
1077,-0.781,14.062
1078,-2.344,13.750
1079,-1.562,14.062
1080,-0.781,13.750
1081,-0.000,14.062
1082,-2.344,14.062
1083,-0.781,13.750
1084,-1.562,13.438
1085,-2.344,13.438
1086,-0.781,13.438
1087,-1.562,13.438
1088,-0.781,13.438
1089,0.781,13.438
1090,-2.344,13.125
1091,-2.344,13.125
1092,-1.562,12.812
1093,-0.781,12.812
1094,-2.344,12.812
1095,-2.344,12.812
1096,-1.562,12.812
1097,-0.781,12.500
1098,-1.562,12.812
1099,0.000,12.500
1100,-1.562,12.500
1101,-0.781,12.500
1102,-0.781,12.188
1103,-1.562,12.188
1104,-1.562,12.188
1105,-1.562,11.562
1106,-1.562,11.875
1107,-0.000,11.875
1108,-0.781,11.875
1109,-0.781,11.562
1110,-0.781,11.562
1111,-0.781,11.562
1112,-0.000,11.250
1113,-1.562,11.562
1114,-0.781,11.562
1115,-0.000,11.250
1116,-0.000,10.938
1117,-0.000,10.938
1118,-0.781,11.250
1119,-0.781,10.938
1120,0.781,10.938
1121,-0.000,11.250
1122,0.000,10.625
1123,-0.781,10.312
1124,0.781,10.625
1125,-0.781,10.625
1126,-0.781,10.625
1127,-0.781,10.625
1128,-0.000,10.312
1129,-0.781,10.000
1130,1.562,10.312
1131,0.781,10.312
1132,-0.781,10.000
1133,0.781,10.000
1134,-0.781,10.000
1135,0.781,10.000
1136,0.781,9.688
1137,0.781,9.688
1138,0.000,9.688
1139,1.562,9.375
1140,0.781,9.375
1141,0.000,9.375
1142,0.000,9.375
1143,0.000,9.375
1144,0.781,9.375
1145,0.000,8.750
1146,0.781,9.062
1147,0.781,9.062
1148,0.000,9.375
1149,0.781,9.062
1150,0.781,8.750
1151,1.562,8.750
1152,-0.781,8.750
1153,1.562,8.750
1154,-0.000,8.750
1155,0.781,8.438
1156,0.781,8.438
1157,0.781,8.438
1158,0.781,8.438
1159,0.000,7.812
1160,0.000,8.125
1161,0.781,8.438
1162,-0.000,8.125
1163,-0.781,7.812
1164,0.781,8.125
1165,0.000,8.125
1166,0.781,8.125
1167,-0.000,8.125
1168,2.344,7.812
1169,1.562,7.812
1170,0.781,7.812
1171,-0.000,7.500
1172,-0.000,7.500
1173,-0.000,7.500
1174,0.781,7.188
1175,1.562,7.500
1176,0.781,7.500
1177,0.781,7.188
1178,1.562,6.875
1179,0.000,7.188
1180,1.562,7.188
1181,0.000,6.562
1182,0.781,6.875
1183,-0.000,6.562
1184,0.781,6.875
1185,-1.562,6.875
1186,0.781,6.875
1187,1.562,6.562
1188,0.781,6.562
1189,0.781,6.562
1190,0.000,6.562
1191,0.781,6.250
1192,-0.000,6.562
1193,-0.781,6.562
1194,-0.000,5.938
1195,-0.000,5.938
1196,-0.000,5.938
1197,0.000,6.250
1198,-0.781,5.938
1199,-0.781,5.938
1200,0.781,5.625
1201,-1.562,5.938
1202,-0.781,5.625
1203,-1.562,5.938
1204,-1.562,5.938
1205,-1.562,5.625
1206,0.000,5.312
1207,-0.781,5.625
1208,0.000,5.312
1209,-0.781,5.312
1210,-1.562,5.625
1211,-0.781,5.312
1212,-1.562,5.312
1213,-0.781,5.312
1214,-0.000,5.000
1215,-0.781,5.000
1216,-0.781,5.000
1217,-0.000,5.312
1218,-0.781,5.000
1219,-0.000,5.000
1220,-0.781,5.000
1221,-0.781,4.688
1222,-0.781,4.688
1223,-1.562,5.000
1224,-1.562,4.688
1225,-1.562,4.688
1226,-0.781,4.688
1227,-1.562,4.688
1228,-1.562,4.375
1229,-1.562,4.688
1230,-1.562,4.688
1231,-0.781,4.375
1232,-2.344,4.688
1233,-1.562,4.375
1234,-1.562,4.375
1235,-2.344,4.062
1236,-1.562,4.062
1237,-1.562,4.375
1238,-1.562,4.062
1239,-2.344,4.062
1240,-2.344,3.750
1241,-0.781,4.062
1242,-1.562,4.375
1243,-0.781,3.750
1244,-0.781,3.750
1245,-1.562,3.750
1246,-0.781,4.062
1247,-0.781,3.750
1248,-1.562,3.750
1249,-0.000,3.750
1250,-0.781,3.438
1251,-0.781,3.750
1252,-0.781,3.438
1253,-1.562,3.438
1254,-1.562,3.438
1255,-0.781,3.438
1256,-1.562,3.438
1257,-1.562,3.438
1258,-1.562,3.438
1259,-1.562,3.125
1260,-0.781,3.125
1261,-1.562,3.438
1262,-0.781,3.125
1263,-1.562,2.812
1264,-3.125,3.438
1265,-1.562,3.125
1266,-1.562,2.812
1267,-2.344,2.812
1268,-0.781,2.812
1269,-1.562,2.812
1270,-0.781,2.812
1271,-1.562,2.812
1272,0.000,2.812
1273,-0.781,2.812
1274,0.000,2.188
1275,-0.000,2.812
1276,0.000,2.500
1277,-0.000,2.500
1278,-0.781,3.125
1279,-1.562,2.500
1280,-0.781,2.500
1281,0.781,2.188
1282,0.781,2.812
1283,-0.781,2.500
1284,-0.000,2.500
1285,-0.781,2.500
1286,-0.000,2.188
1287,-0.781,2.188
1288,0.781,2.188
1289,0.000,2.500
1290,0.000,2.188
1291,-0.000,2.188
1292,-0.781,2.188
1293,-0.781,2.188
1294,-0.781,2.188
1295,0.781,2.188
1296,-0.000,2.188
1297,0.781,2.500
1298,-0.000,1.875
1299,0.781,1.875
1300,-0.000,1.875
1301,-0.781,1.875
1302,-1.562,1.875
1303,-0.000,1.875
1304,-0.000,1.875
1305,0.000,1.875
1306,-0.000,1.875
1307,2.344,1.562
1308,-0.000,1.562
1309,-0.781,1.562
1310,0.000,1.562
1311,0.781,1.875
1312,1.562,1.875
1313,0.781,1.562
1314,-0.000,1.562
1315,0.000,1.562
1316,0.000,1.562
1317,0.000,1.562
1318,0.781,1.562
1319,0.000,1.562
1320,0.000,1.250
1321,-0.781,1.250
1322,1.562,1.562
1323,0.781,1.562
1324,0.781,1.562
1325,0.781,1.250
1326,1.562,1.562
1327,0.781,1.250
1328,0.781,1.562
1329,0.000,1.250
1330,-0.781,1.250
1331,1.562,1.250
1332,1.562,1.250
1333,0.781,1.250
1334,0.781,1.562
1335,0.000,1.250
1336,2.344,0.938
1337,0.000,0.938
1338,0.781,1.250
1339,-0.000,0.938
1340,0.781,0.938
1341,1.562,0.625
1342,0.000,0.938
1343,0.000,1.250
1344,1.562,0.938
1345,0.781,0.938
1346,-0.000,0.938
1347,1.562,0.938
1348,0.781,1.250
1349,-0.781,0.938
1350,-0.781,1.250
1351,0.781,0.938
1352,1.562,0.938
1353,-0.781,0.938
1354,-0.781,0.938
1355,-0.781,0.938
1356,-0.000,1.250
1357,0.781,0.938
1358,1.562,0.625
1359,0.781,0.938
1360,-0.781,0.625
1361,0.000,0.938
1362,0.781,0.625
1363,-0.781,0.938
1364,-0.781,0.625
1365,0.000,0.625
1366,-0.781,0.625
1367,0.781,0.625
1368,-0.000,0.938
1369,-0.000,0.625
1370,-0.781,0.625
1371,0.000,0.625
1372,-0.781,0.625
1373,-0.781,0.625
1374,0.000,0.938
1375,-2.344,0.625
1376,-1.562,0.312
1377,-0.000,0.625
1378,-0.781,0.625
1379,-2.344,0.938
1380,-0.000,0.938
1381,-0.781,0.938
1382,-0.781,0.625
1383,-0.781,0.312
1384,-1.562,0.625
1385,-1.562,0.625
1386,-0.781,0.625
1387,-0.000,0.625
1388,-1.562,0.312
1389,-2.344,0.625
1390,0.000,0.625
1391,-3.125,0.938
1392,-0.781,0.312
1393,-0.781,0.625
1394,-0.000,0.312
1395,-1.562,0.312
1396,-1.562,0.312
1397,-0.781,0.312
1398,-0.781,0.312
1399,-2.344,0.312
1400,-0.781,0.625
1401,-1.562,0.312
1402,-1.562,0.312
1403,-2.344,0.312
1404,-0.781,0.625
1405,-0.781,0.312
1406,-0.781,0.312
1407,-1.562,0.312
1408,-2.344,0.312
1409,-0.781,0.625
1410,-0.781,0.312
1411,-1.562,0.312
1412,0.781,0.000
1413,-2.344,0.312
1414,-0.781,0.312
1415,-1.562,0.312
1416,-1.562,0.000
1417,-1.562,0.312
1418,-1.562,0.312
1419,-1.562,0.312
1420,-0.781,0.312
1421,-1.562,0.312
1422,-1.562,0.312
1423,-1.562,0.312
1424,-0.000,0.625
1425,-0.781,0.312
1426,-1.562,0.312
1427,-0.781,0.312
1428,-1.562,0.312
1429,-0.781,0.312
1430,-0.781,0.000
1431,-0.781,0.000
1432,-0.781,0.312
1433,-0.000,0.312
1434,-0.781,0.000
1435,-0.000,0.312
1436,-2.344,0.312
1437,-2.344,0.312
1438,-1.562,0.312
1439,-0.781,0.000
1440,0.000,-0.000
1441,0.000,0.625
1442,-1.562,0.312
1443,-0.781,0.312
1444,-0.781,0.312
1445,-0.781,0.312
1446,0.000,0.312
1447,0.781,0.000
1448,-0.000,0.312
1449,0.781,0.312
1450,-0.781,0.312
1451,-0.000,0.312
1452,0.781,0.312
1453,0.000,0.312
1454,-0.781,0.312
1455,-0.781,0.312
1456,0.781,0.312
1457,0.000,0.312
1458,-0.781,0.312
1459,1.562,0.000
1460,-0.000,0.312
1461,0.781,0.000
1462,1.562,0.312
1463,0.781,0.312
1464,0.000,0.312
1465,-0.781,0.312
1466,-0.781,0.312
1467,0.781,0.312
1468,0.781,0.000
1469,0.781,0.312
1470,0.000,-0.000
1471,0.000,0.000
1472,0.781,0.312
1473,0.781,0.312
1474,0.781,0.312
1475,1.562,0.000
1476,1.562,0.312
1477,0.781,0.000
1478,0.000,0.312
1479,0.781,0.000
1480,-0.000,0.312
1481,0.781,0.312
1482,-0.000,0.312
1483,2.344,0.312
1484,0.000,0.312
1485,0.000,-0.000
1486,0.000,0.000
1487,-0.000,0.000
1488,0.781,-0.312
1489,0.781,0.000
1490,1.562,-0.000
1491,0.781,0.312
1492,0.000,0.312
1493,0.781,0.000
1494,1.562,-0.312
1495,-0.781,-0.000
1496,0.000,0.000
1497,0.781,0.000
1498,0.000,0.000
1499,1.562,0.000
1500,0.781,0.000
1501,0.000,-0.312
1502,0.781,-0.312
1503,0.781,-0.312
1504,-0.781,-0.312
1505,-0.781,-0.312
1506,0.000,-0.625
1507,-0.000,-0.312
1508,0.000,-0.000
1509,1.562,-0.312
1510,1.562,-0.625
1511,-0.781,-0.312
1512,1.562,-0.312
1513,1.562,-0.625
1514,0.000,-0.625
1515,-0.781,-0.625
1516,0.781,-0.938
1517,0.000,-0.625
1518,0.781,-0.625
1519,0.781,-0.938
1520,-1.562,-0.625
1521,0.781,-0.625
1522,0.781,-0.625
1523,0.000,-0.625
1524,0.781,-0.625
1525,-0.000,-0.625
1526,0.000,-0.625
1527,0.000,-0.938
1528,-0.000,-1.250
1529,0.781,-0.625
1530,-0.781,-0.625
1531,0.781,-0.938
1532,-0.781,-0.938
1533,-0.781,-0.938
1534,0.781,-0.938
1535,0.000,-0.625
1536,-0.781,-0.938
1537,0.781,-0.938
1538,-0.781,-0.938
1539,-0.781,-1.250
1540,-0.000,-0.938
1541,-0.000,-1.250
1542,-0.781,-0.938
1543,-1.562,-1.250
1544,-2.344,-0.938
1545,-0.781,-0.625
1546,-0.781,-1.250
1547,-0.781,-1.250
1548,-0.781,-0.938
1549,-0.781,-0.938
1550,-0.781,-0.938
1551,-0.781,-0.938
1552,-1.562,-1.250
1553,-1.562,-0.938
1554,-0.781,-0.938
1555,-0.781,-0.938
1556,-2.344,-1.250
1557,-0.000,-0.938
1558,-1.562,-1.250
1559,-0.781,-1.250
1560,-2.344,-1.250
1561,-1.562,-1.250
1562,-1.562,-1.250
1563,-0.781,-1.250
1564,-0.781,-1.250
1565,-1.562,-1.250
1566,-2.344,-1.250
1567,-3.125,-0.938
1568,-0.781,-1.250
1569,-2.344,-1.250
1570,-0.781,-1.250
1571,-1.562,-1.562
1572,-2.344,-1.562
1573,-2.344,-1.250
1574,-2.344,-1.562
1575,-1.562,-1.250
1576,-0.781,-1.562
1577,-2.344,-1.250
1578,-1.562,-1.562
1579,-1.562,-1.250
1580,-0.000,-1.250
1581,-1.562,-1.562
1582,-1.562,-1.250
1583,-1.562,-1.250
1584,-0.781,-1.250
1585,-0.781,-1.250
1586,0.000,-1.562
1587,-2.344,-1.250
1588,-0.000,-1.250
1589,-2.344,-1.250
1590,-0.000,-1.250
1591,-1.562,-1.562
1592,-2.344,-1.875
1593,-0.000,-1.250
1594,-1.562,-1.250
1595,-1.562,-1.562
1596,-0.781,-1.250
1597,-1.562,-1.562
1598,-0.000,-1.562
1599,-1.562,-1.562
1600,-0.781,-1.562
1601,-0.781,-1.250
1602,-0.781,-1.250
1603,0.000,-0.938
1604,-1.562,-1.562
1605,0.000,-1.250
1606,-0.781,-1.250
1607,-1.562,-0.938
1608,-0.781,-0.938
1609,-0.000,-1.250
1610,-0.781,-1.250
1611,-0.781,-0.938
1612,-0.000,-1.250
1613,-1.562,-1.250
1614,-0.781,-1.250
1615,-1.562,-1.250
1616,-2.344,-0.938
1617,-0.781,-0.938
1618,-0.781,-1.250
1619,0.781,-1.250
1620,0.000,-1.250
1621,-0.781,-0.938
1622,-0.000,-1.250
1623,-0.781,-1.250
1624,0.781,-1.250
1625,-1.562,-1.250
1626,0.000,-1.250
1627,-0.781,-0.938
1628,-0.000,-0.938
1629,0.781,-1.250
1630,-0.781,-1.250
1631,-0.781,-1.562
1632,-0.000,-0.938
1633,-0.781,-0.938
1634,-0.000,-0.938
1635,-0.781,-1.250
1636,2.344,-0.938
1637,-0.781,-0.938
1638,-0.000,-0.938
1639,0.781,-0.938
1640,-0.781,-0.625
1641,0.000,-0.625
1642,-0.781,-0.938
1643,0.781,-0.938
1644,-0.000,-0.938
1645,1.562,-0.938
1646,2.344,-0.938
1647,0.781,-0.625
1648,0.781,-0.625
1649,0.000,-0.625
1650,-0.000,-0.938
1651,0.000,-0.312
1652,0.000,-0.625
1653,0.000,-0.625
1654,0.781,-0.625
1655,-0.000,-0.625
1656,-0.000,-0.312
1657,0.781,-0.625
1658,0.781,-0.312
1659,-0.000,-0.938
1660,0.781,-0.938
1661,2.344,-0.625
1662,0.781,-0.312
1663,-0.781,-0.938
1664,0.781,-0.625
1665,0.781,-0.312
1666,0.781,-0.625
1667,0.781,-0.312
1668,0.781,-0.312
1669,0.781,-0.312
1670,1.562,-0.312
1671,0.781,-0.312
1672,0.000,-0.312
1673,-0.000,-0.312
1674,0.000,-0.312
1675,0.781,-0.312
1676,1.562,-0.000
1677,0.781,-0.000
1678,0.781,-0.312
1679,0.000,-0.312
1680,0.781,-0.312
1681,0.781,-0.312
1682,-0.000,-0.312
1683,0.000,-0.312
1684,0.000,-0.312
1685,0.781,-0.000
1686,0.781,-0.000
1687,0.000,-0.312
1688,0.000,0.000
1689,-0.000,0.312
1690,0.781,-0.312
1691,-0.000,-0.000
1692,0.781,-0.000
1693,0.000,0.312
1694,0.000,-0.000
1695,0.781,0.000
1696,-0.000,0.312
1697,-0.781,0.000
1698,-1.562,0.000
1699,-0.781,0.312
1700,-0.781,0.000
1701,-0.000,0.312
1702,-0.781,0.000
1703,-0.000,0.000
1704,-0.000,0.000
1705,-0.781,0.312
1706,-0.781,0.312
1707,-0.000,-0.000
1708,-0.781,0.000
1709,-1.562,0.625
1710,0.781,0.312
1711,-0.781,0.625
1712,-0.000,0.000
1713,-0.781,0.625
1714,-0.781,0.000
1715,-0.781,0.312
1716,-2.344,0.000
1717,-0.781,0.312
1718,-1.562,0.625
1719,-0.781,0.312
1720,-2.344,0.625
1721,-0.781,0.312
1722,-0.000,0.625
1723,-0.781,0.312
1724,-2.344,0.312
1725,-1.562,0.625
1726,-0.781,0.625
1727,-1.562,0.625
1728,-1.562,0.312
1729,-0.781,0.312
1730,-2.344,0.625
1731,-1.562,0.625
1732,-0.781,0.625
1733,-0.000,0.625
1734,-0.000,0.938
1735,-1.562,0.938
1736,-0.781,0.938
1737,-0.000,0.938
1738,-0.781,0.938
1739,-2.344,0.625
1740,-1.562,0.625
1741,-0.781,1.250
1742,-1.562,0.625
1743,-1.562,0.938
1744,-1.562,0.625
1745,-3.906,0.625
1746,-0.781,0.938
1747,-1.562,0.938
1748,-2.344,0.625
1749,-0.781,1.250
1750,-1.562,0.625
1751,-1.562,0.938
1752,-0.781,0.938
1753,-1.562,0.938
1754,-2.344,1.250
1755,-0.781,1.250
1756,-1.562,0.625
1757,-1.562,0.938
1758,-0.000,0.938
1759,-0.781,0.938
1760,-1.562,1.562
1761,-2.344,0.938
1762,-1.562,0.938
1763,-0.781,1.250
1764,-1.562,1.250
1765,-0.781,0.938
1766,-0.781,1.250
1767,-0.000,0.938
1768,-1.562,1.250
1769,0.000,1.250
1770,-1.562,1.250
1771,-0.000,0.938
1772,-0.781,1.250
1773,-1.562,1.250
1774,-0.000,1.250
1775,-0.781,0.938
1776,-0.000,1.250
1777,-0.781,1.250
1778,0.000,1.250
1779,-0.781,0.938
1780,-1.562,1.250
1781,-1.562,1.250
1782,-0.781,1.250
1783,-1.562,1.250
1784,-0.781,1.250
1785,0.000,1.250
1786,-0.781,1.562
1787,-1.562,0.938
1788,-0.000,1.250
1789,0.781,1.250
1790,-1.562,1.250
1791,0.781,1.250
1792,-1.562,1.250
1793,-0.781,1.562
1794,-0.781,1.250
1795,-0.000,1.250
1796,-0.781,1.562
1797,0.000,1.562
1798,0.781,1.562
1799,0.000,1.250
1800,0.781,1.250
1801,0.781,1.562
1802,-0.781,0.938
1803,0.000,1.562
1804,-0.000,1.250
1805,0.781,1.250
1806,-0.781,0.938
1807,0.781,1.250
1808,-0.000,1.250
1809,-0.781,1.250
1810,-0.000,1.562
1811,0.781,1.250
1812,0.781,1.250
1813,0.000,1.562
1814,1.562,1.250
1815,1.562,1.562
1816,0.000,1.562
1817,1.562,1.250
1818,0.000,1.250
1819,-0.000,1.250
1820,0.000,1.250
1821,0.000,1.250
1822,0.000,1.250
1823,0.781,1.250
1824,1.562,1.250
1825,0.000,1.250
1826,0.781,0.938
1827,1.562,1.250
1828,-0.781,1.562
1829,-0.781,1.250
1830,0.000,1.250
1831,1.562,1.250
1832,0.781,1.562
1833,0.781,1.562
1834,0.781,0.938
1835,-0.000,1.562
1836,0.000,1.250
1837,1.562,1.562
1838,0.000,1.562
1839,-0.000,1.250
1840,-0.000,0.938
1841,0.781,1.250
1842,-0.781,1.250
1843,0.781,1.250
1844,0.781,1.250
1845,0.000,1.250
1846,0.000,1.250
1847,-0.000,1.250
1848,0.781,1.562
1849,-0.781,1.250
1850,0.000,1.250
1851,0.781,0.938
1852,0.000,1.250
1853,-0.000,1.250
1854,1.562,1.250
1855,0.000,1.250
1856,-0.000,1.562
1857,-0.781,1.250
1858,-0.000,0.938
1859,0.000,1.250
1860,0.000,0.938
1861,-0.781,1.250
1862,-0.781,1.562
1863,-0.781,1.562
1864,0.781,0.938
1865,0.000,1.250
1866,0.000,1.250
1867,0.781,0.938
1868,-2.344,0.938
1869,-0.000,1.250
1870,0.000,1.562
1871,-1.562,1.250
1872,0.781,0.938
1873,0.781,0.938
1874,0.781,0.938
1875,-0.781,0.938
1876,-0.000,1.250
1877,-0.781,0.938
1878,0.000,0.938
1879,-0.781,1.250
1880,-0.781,1.250
1881,-1.562,0.938
1882,-1.562,0.938
1883,-0.781,0.625
1884,-1.562,0.625
1885,-0.000,1.250
1886,-2.344,0.938
1887,-1.562,0.938
1888,-0.781,0.938
1889,-1.562,0.938
1890,-2.344,0.938
1891,-0.781,0.625
1892,-1.562,0.625
1893,-2.344,0.938
1894,-1.562,0.625
1895,-3.125,0.938
1896,-1.562,0.625
1897,-1.562,0.625
1898,-1.562,0.312
1899,-1.562,0.938
1900,-1.562,0.938
1901,-1.562,0.625
1902,-0.000,0.625
1903,-1.562,0.625
1904,-0.781,0.938
1905,-0.781,0.312
1906,-2.344,0.625
1907,-0.000,0.625
1908,-0.781,0.625
1909,-1.562,0.312
1910,-1.562,0.938
1911,-1.562,0.625
1912,-2.344,0.312
1913,-0.781,0.625
1914,-0.781,0.938
1915,-2.344,0.312
1916,-1.562,0.625
1917,-1.562,0.625
1918,-2.344,0.312
1919,-1.562,0.625
1920,-1.562,0.625
1921,-0.781,0.625
1922,-0.781,0.625
1923,-2.344,0.312
1924,-0.781,0.312
1925,-2.344,0.312
1926,-0.000,0.312
1927,-1.562,0.625
1928,-1.562,0.312
1929,-0.781,0.312
1930,-1.562,0.312
1931,-2.344,0.625
1932,-0.781,0.312
1933,-1.562,0.312
1934,0.000,0.312
1935,-1.562,0.000
1936,-2.344,0.000
1937,-0.000,0.312
1938,-0.781,0.312
1939,-0.781,0.000
1940,-1.562,0.312
1941,-1.562,0.312
1942,-0.781,0.312
1943,-0.781,0.000
1944,-1.562,0.000
1945,-0.781,0.312
1946,-2.344,0.312
1947,-0.781,0.312
1948,-0.781,0.312
1949,-1.562,0.000
1950,0.000,-0.000
1951,0.000,0.000
1952,0.000,0.000
1953,0.781,-0.000
1954,-1.562,-0.000
1955,-0.781,0.312
1956,0.000,-0.000
1957,-0.000,0.000
1958,-0.781,0.000
1959,-0.000,0.312
1960,-0.000,-0.312
1961,0.781,-0.312
1962,0.000,0.000
1963,0.781,0.000
1964,0.781,-0.000
1965,1.562,0.312
1966,1.562,-0.000
1967,0.781,0.312
1968,-0.000,-0.312
1969,0.781,-0.000
1970,0.000,-0.312
1971,1.562,0.000
1972,0.000,0.000
1973,0.781,-0.312
1974,0.781,0.000
1975,0.000,0.000
1976,0.781,-0.000
1977,0.000,-0.312
1978,0.781,0.000
1979,-0.000,-0.000
1980,0.781,-0.000
1981,0.781,-0.312
1982,-0.781,-0.000
1983,-0.000,-0.312
1984,0.000,-0.000
1985,1.562,-0.312
1986,0.781,-0.312
1987,0.000,-0.312
1988,0.781,-0.625
1989,1.562,-0.000
1990,-0.781,-0.625
1991,0.781,0.312
1992,-0.781,-0.625
1993,2.344,-0.312
1994,0.781,-0.312
1995,0.000,-0.312
1996,0.000,-0.000
1997,-0.000,-0.312
1998,1.562,-0.312
1999,0.781,-0.312
2000,0.781,-0.625
2001,0.781,-0.312
2002,0.781,-0.312
2003,0.000,-0.312
2004,0.781,-0.312
2005,-0.000,-0.312
2006,0.781,-0.625
2007,0.781,-0.312
2008,-0.000,-0.312
2009,-0.000,-0.000
2010,1.562,-0.312
2011,0.000,-0.312
2012,0.781,-0.312
2013,-0.000,-0.625
2014,0.781,-0.625
2015,-0.781,-0.000
2016,0.781,-0.312
2017,-0.781,-0.312
2018,0.000,-0.625
2019,0.781,-0.312
2020,0.781,-0.312
2021,-0.781,-0.312
2022,0.000,-0.000
2023,0.781,-0.312
2024,-0.781,-0.312
2025,0.781,-0.625
2026,0.000,-0.312
2027,0.000,-0.938
2028,-1.562,-0.312
2029,-0.000,-0.312
2030,1.562,-0.312
2031,-0.781,-0.312
2032,0.781,-0.625
2033,-0.781,-0.312
2034,-1.562,-0.625
2035,-0.781,-0.625
2036,0.000,-0.625
2037,-1.562,-0.625
2038,-1.562,-0.312
2039,-1.562,-0.625
2040,-0.000,-0.312
2041,-0.000,-0.312
2042,-0.781,-0.312
2043,0.781,-0.312
2044,0.000,-0.312
2045,-0.781,-0.312
2046,-1.562,-0.625
2047,-1.562,-0.312
2048,-0.781,-0.938
2049,-0.000,-0.625
2050,-1.562,-0.312
2051,-0.781,-0.312
2052,-1.562,-0.312
2053,-0.781,-0.312
2054,0.000,-0.312
2055,-0.781,-0.312
2056,-0.781,-0.312
2057,-1.562,-0.625
2058,-0.781,-0.312
2059,-2.344,-0.312
2060,-1.562,-0.312
2061,0.000,-0.625
2062,-1.562,-0.312
2063,-1.562,-0.312
2064,-0.000,-0.625
2065,-0.781,-0.000
2066,-2.344,-0.000
2067,-0.781,-0.312
2068,-0.781,-0.312
2069,-0.781,-0.625
2070,-1.562,-0.312
2071,-0.781,-0.312
2072,-0.781,-0.625
2073,-3.125,-0.625
2074,-1.562,-0.625
2075,-0.000,-0.625
2076,-2.344,-0.312
2077,-0.781,-0.312
2078,-0.781,-0.000
2079,-2.344,-0.312
2080,-0.781,-0.312
2081,-0.781,-0.000
2082,-1.562,-0.625
2083,-1.562,-0.312
2084,-1.562,-0.312
2085,-1.562,-0.312
2086,-1.562,-0.625
2087,-0.781,-0.312
2088,-1.562,-0.312
2089,-1.562,-0.625
2090,-0.781,-0.312
2091,-0.781,-0.625
2092,-1.562,-0.312
2093,-2.344,-0.625
2094,-0.781,0.000
2095,-0.781,-0.000
2096,-1.562,-0.312
2097,-2.344,-0.312
2098,-0.781,-0.625
2099,-1.562,-0.312
2100,0.000,-0.312
2101,-2.344,-0.312
2102,-1.562,-0.312
2103,-0.781,-0.000
2104,0.000,-0.312
2105,-0.781,-0.312
2106,-1.562,-0.312
2107,-0.000,-0.312
2108,-0.781,-0.312
2109,-0.000,-0.312
2110,-0.000,-0.000
2111,0.781,-0.000
2112,-1.562,-0.312
2113,-0.781,-0.312
2114,0.000,-0.000
2115,-0.781,-0.312
2116,0.000,-0.312
2117,0.000,-0.312
2118,0.000,-0.312
2119,-0.000,0.312
2120,-0.000,-0.312
2121,-0.781,-0.312
2122,-0.781,0.000
2123,0.781,0.000
2124,0.000,-0.312
2125,-1.562,-0.312
2126,0.000,0.000
2127,1.562,-0.312
2128,-0.781,-0.312
2129,0.781,-0.000
2130,-0.000,0.000
2131,-0.781,-0.000
2132,0.781,-0.312
2133,0.781,0.000
2134,0.000,-0.000
2135,-0.000,0.000
2136,0.781,-0.000
2137,0.781,-0.000
2138,0.000,0.000
2139,-0.781,0.000
2140,0.781,-0.000
2141,-0.781,-0.000
2142,1.562,-0.000
2143,1.562,0.312
2144,1.562,-0.312
2145,0.781,0.312
2146,-0.781,-0.000
2147,0.781,0.312
2148,0.781,0.000
2149,-0.000,-0.312
2150,0.781,0.000
2151,0.781,0.000
2152,-0.000,-0.000
2153,0.781,-0.000
2154,0.000,0.000
2155,0.781,0.000
2156,0.781,-0.000
2157,0.000,-0.000
2158,0.000,0.000
2159,-0.000,0.312
2160,0.781,0.312
2161,0.781,-0.312
2162,1.562,-0.000
2163,3.125,0.000
2164,2.344,0.000
2165,0.000,0.312
2166,1.562,-0.000
2167,0.781,0.000
2168,0.781,0.000
2169,0.781,0.312
2170,-0.000,0.312
2171,-0.000,-0.000
2172,0.000,0.312
2173,-0.781,0.000
2174,0.781,0.000
2175,1.562,0.312
2176,1.562,0.312
2177,-0.781,0.000
2178,0.781,0.312
2179,-0.781,-0.000
2180,0.000,0.312
2181,0.781,0.312
2182,-0.781,-0.000
2183,0.781,0.312
2184,-0.000,0.312
2185,1.562,0.625
2186,0.781,0.312
2187,0.781,0.000
2188,-0.781,0.625
2189,-0.000,0.312
2190,0.000,0.312
2191,-0.781,0.312
2192,0.000,0.625
2193,0.781,0.312
2194,-0.781,0.312
2195,0.781,0.312
2196,-0.781,0.312
2197,-0.000,0.625
2198,0.781,0.312
2199,-0.781,0.312
2200,-0.781,0.625
2201,-0.000,0.000
2202,-0.781,0.312
2203,-0.000,0.312
2204,-1.562,0.312
2205,-0.000,-0.312
2206,0.781,0.625
2207,-1.562,0.000
2208,-1.562,0.625
2209,0.000,0.000
2210,-2.344,0.312
2211,-1.562,0.312
2212,0.000,0.625
2213,-1.562,0.312
2214,-1.562,0.000
2215,-0.781,0.312
2216,-0.000,0.312
2217,-1.562,0.625
2218,-0.000,0.312
2219,-0.781,0.312
2220,-2.344,0.000
2221,-0.781,0.312
2222,0.781,0.625
2223,-0.781,0.625
2224,-2.344,0.625
2225,0.781,0.312
2226,-2.344,0.312
2227,-2.344,0.312
2228,-0.781,0.312
2229,-2.344,0.625
2230,-3.125,0.312
2231,-2.344,0.312
2232,-1.562,0.312
2233,-0.781,0.312
2234,-1.562,0.625
2235,-2.344,0.000
2236,-1.562,0.625
2237,-1.562,0.312
2238,-1.562,0.312
2239,-0.781,0.938
2240,-0.000,0.312
2241,-0.781,0.625
2242,-1.562,0.312
2243,-2.344,0.312
2244,-0.781,0.312
2245,-1.562,0.312
2246,-0.781,0.625
2247,-0.781,0.625
2248,-0.781,0.625
2249,-1.562,0.312
2250,-0.781,0.625
2251,-1.562,0.625
2252,-0.781,0.625
2253,-0.781,0.312
2254,-0.000,0.312
2255,-1.562,0.312
2256,-1.562,0.625
2257,-0.781,0.625
2258,-1.562,0.312
2259,-0.781,0.312
2260,-0.781,0.312
2261,-1.562,0.312
2262,-1.562,0.625
2263,-2.344,0.312
2264,-0.781,0.312
2265,-0.781,0.312
2266,-1.562,0.938
2267,-0.000,0.312
2268,-0.781,0.312
2269,-1.562,0.625
2270,-1.562,0.625
2271,-0.781,0.625
2272,-0.781,0.312
2273,-0.781,0.312
2274,-1.562,0.312
2275,1.562,0.938
2276,0.000,0.625
2277,-0.781,0.312
2278,-1.562,0.625
2279,0.000,0.625
2280,0.000,0.938
2281,-0.000,0.625
2282,0.000,0.312
2283,-0.000,0.312
2284,-0.781,0.625
2285,-0.000,0.625
2286,-0.000,0.312
2287,-0.000,0.312
2288,-0.781,0.625
2289,-0.781,0.312
2290,0.781,0.312
2291,0.000,0.625
2292,-0.781,0.625
2293,-0.000,0.312
2294,0.781,0.625
2295,0.781,0.625
2296,-0.000,0.312
2297,0.781,0.625
2298,0.000,0.312
2299,-0.000,0.312
2300,0.781,0.625
2301,0.781,0.938
2302,0.781,0.312
2303,0.781,0.312
2304,0.000,0.312
2305,-0.781,0.312
2306,0.000,0.625
2307,1.562,0.625
2308,0.000,0.625
2309,0.781,0.312
2310,0.000,0.312
2311,-0.000,0.312
2312,1.562,0.625
2313,-0.000,0.312
2314,-0.781,0.625
2315,0.781,0.625
2316,0.781,0.312
2317,0.781,0.312
2318,0.781,0.625
2319,0.781,0.625
2320,0.781,0.312
2321,0.781,0.312
2322,0.000,0.312
2323,0.781,0.312
2324,0.000,0.625
2325,0.000,0.312
2326,1.562,0.625
2327,0.781,0.312
2328,0.781,0.312
2329,1.562,0.312
2330,-0.000,0.312
2331,2.344,0.312
2332,0.000,0.625
2333,0.000,0.625
2334,-0.000,0.312
2335,0.781,0.312
2336,0.781,0.625
2337,1.562,0.625
2338,-0.000,0.625
2339,1.562,0.312
2340,1.562,0.625
2341,0.781,0.625
2342,1.562,0.312
2343,1.562,0.312
2344,-0.781,0.312
2345,-0.781,0.625
2346,-0.781,0.312
2347,0.000,0.312
2348,-0.000,0.625
2349,0.781,0.625
2350,0.781,0.312
2351,-0.000,0.312
2352,0.781,0.312
2353,-1.562,0.312
2354,0.781,0.312
2355,0.781,0.312
2356,-0.000,-0.000
2357,-0.781,0.312
2358,-0.000,0.625
2359,0.000,0.625
2360,0.000,0.312
2361,0.781,0.312
2362,-0.000,0.000
2363,-0.000,0.312
2364,0.781,0.312
2365,-0.781,0.312
2366,0.000,0.312
2367,-0.000,0.312
2368,-0.000,0.312
2369,0.781,0.625
2370,-1.562,0.312
2371,-0.781,0.312
2372,-0.781,0.312
2373,-1.562,0.000
2374,-0.781,0.312
2375,-0.000,0.312
2376,-0.000,0.625
2377,-0.781,0.312
2378,-0.000,0.312
2379,-0.000,0.312
2380,-0.781,0.312
2381,-0.781,0.000
2382,-2.344,0.312
2383,-1.562,0.000
2384,0.000,0.312
2385,-0.000,-0.000
2386,-0.000,0.312
2387,-1.562,0.312
2388,-1.562,0.312
2389,-1.562,0.000
2390,-0.781,0.312
2391,-0.781,0.312
2392,-0.000,0.000
2393,-0.000,0.000
2394,-1.562,0.000
2395,-1.562,0.312
2396,-1.562,0.312
2397,-0.000,0.312
2398,-1.562,0.312
2399,-0.781,0.000
2400,-0.781,0.312
2401,-1.562,0.000
2402,-1.562,0.312
2403,-1.562,0.000
2404,-1.562,0.000
2405,-1.562,0.312
2406,-2.344,-0.312
2407,-2.344,0.312
2408,-0.000,0.000
2409,-3.125,0.312
2410,-1.562,0.312
2411,-1.562,0.000
2412,-0.000,0.000
2413,-1.562,0.312
2414,-1.562,0.312
2415,-2.344,0.000
2416,-1.562,-0.000
2417,-1.562,0.312
2418,-0.781,0.312
2419,-1.562,0.312
2420,-2.344,-0.312
2421,-1.562,0.000
2422,-0.781,0.312
2423,-0.781,0.312
2424,-2.344,-0.000
2425,-0.781,-0.000
2426,-0.781,0.000
2427,-1.562,-0.000
2428,-2.344,0.312
2429,-1.562,-0.000
2430,-0.781,0.312
2431,-0.781,-0.312
2432,-0.781,-0.312
2433,-1.562,-0.000
2434,-2.344,0.000
2435,-0.781,0.000
2436,-3.125,0.312
2437,-1.562,0.000
2438,-0.000,0.312
2439,-1.562,-0.000
2440,-1.562,0.312
2441,0.000,0.000
2442,-0.000,0.000
2443,-0.781,-0.000
2444,-1.562,-0.000
2445,0.000,0.000
2446,-0.781,0.000
2447,-1.562,0.000
2448,-0.781,0.000
2449,0.000,-0.000
2450,-0.781,-0.312
2451,-0.000,-0.000
2452,0.781,0.312
2453,-1.562,-0.000
2454,-0.781,-0.000
2455,-0.000,0.000
2456,-2.344,0.312
2457,0.781,0.000
2458,-0.000,-0.312
2459,0.781,0.000
2460,-0.781,-0.000
2461,1.562,-0.000
2462,0.781,0.000
2463,-0.000,-0.312
2464,-0.000,-0.000
2465,0.781,0.000
2466,1.562,0.000
2467,-0.000,0.000
2468,0.781,-0.312
2469,0.000,-0.312
2470,-0.781,0.000
2471,-0.781,-0.000
2472,-0.781,0.000
2473,0.781,0.000
2474,-0.000,0.000
2475,0.781,-0.000
2476,-0.000,-0.000
2477,0.781,0.000
2478,1.562,-0.000
2479,0.781,-0.000
2480,0.781,0.000
2481,1.562,0.312
2482,0.781,0.625
2483,1.562,-0.000
2484,2.344,0.312
2485,0.781,0.312
2486,-0.000,0.312
2487,0.781,-0.000
2488,0.000,0.000
2489,2.344,-0.000
2490,1.562,0.000
2491,1.562,0.000
2492,0.781,-0.000
2493,1.562,0.000
2494,1.562,0.000
2495,0.781,0.000
2496,0.781,0.312
2497,0.781,-0.000
2498,0.781,-0.000
2499,2.344,-0.312
2500,0.781,0.000
2501,0.781,-0.000
2502,0.781,-0.000
2503,-0.000,-0.000
2504,0.781,0.312
2505,0.000,0.312
2506,0.781,0.000
2507,1.562,0.000
2508,0.781,-0.000
2509,-0.000,-0.000
2510,0.000,0.000
2511,-0.781,-0.312
2512,-0.781,-0.000
2513,0.781,-0.000
2514,-0.000,-0.000
2515,0.781,0.312
2516,1.562,0.312
2517,-0.000,-0.000
2518,0.781,0.000
2519,1.562,-0.000
2520,-0.781,0.000
2521,0.000,0.000
2522,0.781,0.312
2523,0.781,0.000
2524,0.000,-0.000
2525,1.562,0.000
2526,-1.562,0.000
2527,0.781,0.312
2528,-0.781,0.312
2529,-0.000,-0.000
2530,-0.000,0.312
2531,-0.000,0.000
2532,-1.562,0.000
2533,0.000,0.000
2534,-0.781,0.000
2535,-0.000,0.000
2536,-0.000,0.000
2537,-0.000,0.312
2538,0.000,0.000
2539,-0.781,0.312
2540,0.781,-0.000
2541,-1.562,0.000
2542,-0.000,0.312
2543,-0.781,0.312
2544,-0.000,0.312
2545,0.781,0.312
2546,-2.344,0.000
2547,-0.781,0.312
2548,-0.781,0.312
2549,-0.000,0.312
2550,-1.562,0.000
2551,-0.781,0.000
2552,-0.781,0.312
2553,-1.562,0.312
2554,-0.000,-0.000
2555,-1.562,0.312
2556,-0.781,0.312
2557,-0.781,0.312
2558,-0.781,0.312
2559,-0.781,0.312
2560,-3.125,0.000
2561,-1.562,0.312
2562,-0.781,0.000
2563,-2.344,0.000
2564,-0.781,0.000
2565,-0.781,0.312
2566,-0.781,0.000
2567,-0.781,0.000
2568,-3.125,0.000
2569,-0.781,0.000
2570,-2.344,0.312
2571,-0.781,-0.000
2572,-1.562,0.312
2573,-0.781,0.000
2574,-0.781,0.312
2575,-1.562,0.000
2576,-0.781,0.312
2577,-0.000,0.312
2578,-0.781,0.000
2579,-1.562,0.000
2580,-0.781,0.000
2581,-2.344,0.000
2582,-1.562,0.000
2583,-1.562,0.312
2584,-2.344,0.312
2585,-1.562,0.312
2586,-0.781,0.625
2587,-0.000,0.312
2588,-1.562,0.312
2589,-0.000,0.312
2590,-0.781,0.000
2591,-0.781,0.000
2592,-1.562,0.312
2593,-0.781,0.312
2594,-0.781,0.000
2595,-1.562,0.000
2596,-0.781,0.000
2597,-2.344,0.625
2598,-1.562,0.625
2599,-0.781,0.312
2600,-2.344,0.312
2601,-0.000,0.938
2602,-0.781,0.000
2603,-0.781,0.625
2604,-1.562,0.312
2605,-0.000,0.312
2606,-0.781,0.312
2607,-0.781,0.312
2608,-2.344,0.625
2609,0.000,0.312
2610,-0.781,0.312
2611,-1.562,0.000
2612,-0.781,0.312
2613,-0.781,0.312
2614,0.781,0.625
2615,-0.781,0.312
2616,-1.562,0.312
2617,-0.781,0.000
2618,-0.781,0.312
2619,-1.562,0.312
2620,-0.000,0.312
2621,0.000,0.312
2622,-0.000,0.312
2623,0.000,0.312
2624,0.781,0.625
2625,0.000,0.000
2626,0.000,0.312
2627,0.781,0.312
2628,0.000,0.312
2629,-0.781,0.312
2630,0.781,0.312
2631,-0.000,0.312
2632,0.000,0.000
2633,-0.000,0.625
2634,1.562,0.625
2635,-0.781,0.625
2636,-0.781,0.312
2637,0.000,0.312
2638,0.781,0.312
2639,0.000,0.312
2640,0.781,0.312
2641,0.781,0.312
2642,-0.781,0.625
2643,0.000,0.625
2644,0.000,0.312
2645,2.344,0.312
2646,1.562,0.312
2647,0.781,0.312
2648,0.000,0.312
2649,0.781,0.625
2650,-0.000,0.625
2651,0.781,0.312
2652,-0.000,0.625
2653,-0.781,0.312
2654,1.562,0.000
2655,-0.000,0.312
2656,0.781,0.312
2657,0.781,0.625
2658,1.562,0.312
2659,0.781,0.625
2660,0.000,0.625
2661,0.781,0.625
2662,0.781,0.312
2663,0.781,0.625
2664,0.781,0.625
2665,0.000,0.625
2666,0.781,0.625
2667,1.562,0.625
2668,0.781,0.625
2669,-0.000,0.312
2670,1.562,0.312
2671,0.781,0.312
2672,0.781,0.625
2673,2.344,0.312
2674,-0.000,0.625
2675,-0.000,0.312
2676,0.781,0.625
2677,0.781,0.625
2678,-0.000,0.625
2679,0.781,0.312
2680,0.781,0.312
2681,-1.562,0.312
2682,0.781,0.938
2683,-0.000,0.312
2684,0.781,0.625
2685,1.562,0.625
2686,0.781,0.312
2687,0.781,0.625
2688,-0.781,0.312
2689,-0.000,0.625
2690,0.000,0.625
2691,0.781,0.312
2692,-0.000,0.625
2693,0.000,0.312
2694,0.781,0.312
2695,-0.781,0.625
2696,0.781,0.625
2697,0.781,0.312
2698,0.000,0.625
2699,0.781,0.312
2700,-0.000,0.625
2701,-0.000,0.625
2702,-1.562,0.312
2703,-1.562,0.625
2704,-0.000,0.625
2705,-1.562,0.000
2706,0.000,0.312
2707,0.000,0.312
2708,-1.562,0.625
2709,-0.781,0.625
2710,0.781,0.312
2711,-1.562,0.625
2712,-0.781,0.625
2713,-1.562,0.312
2714,-0.781,0.625
2715,-1.562,0.625
2716,-0.000,0.312
2717,-1.562,0.312
2718,-1.562,0.312
2719,0.000,0.625
2720,-0.781,0.938
2721,-0.000,0.625
2722,-1.562,0.312
2723,-0.781,0.625
2724,-0.781,0.312
2725,-0.781,0.625
2726,-0.000,0.312
2727,-2.344,0.625
2728,-1.562,0.625
2729,-0.781,0.625
2730,-3.125,0.625
2731,-0.781,0.312
2732,-1.562,0.312
2733,-3.125,0.625
2734,-0.781,0.625
2735,-3.125,0.000
2736,-1.562,0.625
2737,0.000,0.625
2738,-1.562,0.625
2739,-1.562,0.312
2740,-3.125,0.625
2741,-1.562,0.625
2742,-2.344,0.312
2743,-1.562,0.312
2744,-0.781,0.312
2745,-0.781,0.312
2746,-0.781,0.625
2747,-0.781,0.625
2748,-1.562,0.625
2749,-2.344,0.625
2750,-1.562,0.312
2751,-0.781,0.625
2752,-2.344,0.312
2753,-1.562,0.312
2754,-0.781,0.625
2755,-0.000,0.312
2756,-1.562,0.625
2757,-1.562,0.312
2758,-1.562,0.000
2759,-2.344,0.625
2760,-0.781,0.625
2761,-1.562,0.625
2762,-0.781,0.625
2763,-0.781,0.312
2764,-1.562,0.312
2765,-1.562,0.938
2766,-0.000,0.312
2767,-0.781,0.312
2768,0.000,0.625
2769,-0.000,0.312
2770,-0.781,0.625
2771,-0.781,0.625
2772,-1.562,0.312
2773,-0.781,0.312
2774,-1.562,0.625
2775,-0.000,0.625
2776,-0.000,0.625
2777,-1.562,0.312
2778,-0.781,0.625
2779,-0.000,0.625
2780,-0.781,0.312
2781,-1.562,0.625
2782,-0.000,0.625
2783,-1.562,0.625
2784,-0.781,0.625
2785,-0.781,0.312
2786,0.000,0.625
2787,-0.781,0.625
2788,-1.562,0.312
2789,-0.781,0.938
2790,-1.562,0.312
2791,0.781,0.312
2792,-0.781,0.312
2793,-0.781,0.625
2794,0.781,0.312
2795,0.000,0.312
2796,0.781,0.312
2797,-0.000,0.312
2798,-0.000,0.625
2799,0.781,0.312
2800,0.000,0.000
2801,-0.000,0.312
2802,-0.781,0.312
2803,-0.000,0.625
2804,0.781,0.625
2805,-0.781,0.625
2806,0.781,0.312
2807,0.781,0.625
2808,-0.000,0.625
2809,0.781,0.312
2810,0.000,0.625
2811,-0.000,0.625
2812,-0.000,0.625
2813,0.781,0.312
2814,-0.000,0.312
2815,1.562,0.312
2816,0.781,0.625
2817,2.344,0.312
2818,0.781,0.625
2819,1.562,0.625
2820,0.781,0.312
2821,0.781,0.312
2822,0.781,0.312
2823,0.781,0.625
2824,0.000,0.312
2825,0.781,0.312
2826,0.000,0.312
2827,0.781,0.625
2828,0.000,0.312
2829,0.000,0.312
2830,1.562,0.625
2831,1.562,0.625
2832,0.781,0.312
2833,0.781,0.312
2834,-0.000,0.312
2835,0.781,0.312
2836,-0.000,0.625
2837,0.000,0.312
2838,0.000,0.312
2839,1.562,0.312
2840,0.781,0.625
2841,2.344,0.312
2842,0.781,0.312
2843,0.781,0.000
2844,0.781,0.625
2845,0.000,0.312
2846,-0.000,0.312
2847,1.562,0.312
2848,-0.781,0.312
2849,1.562,0.312
2850,0.781,0.312
2851,-0.000,0.312
2852,0.000,0.312
2853,-0.781,0.000
2854,0.000,0.312
2855,0.000,0.625
2856,-0.781,0.312
2857,0.000,0.312
2858,0.781,0.312
2859,-0.000,0.312
2860,-0.781,0.312
2861,-0.781,-0.312
2862,0.000,0.625
2863,-1.562,0.312
2864,-0.781,0.312
2865,-0.000,0.312
2866,-1.562,0.000
2867,0.000,0.625
2868,-0.000,0.312
2869,0.000,0.312
2870,0.000,0.312
2871,-1.562,0.312
2872,-1.562,-0.000
2873,-0.781,0.312
2874,-0.000,-0.000
2875,0.000,0.312
2876,-0.781,0.312
2877,-0.781,0.312
2878,0.000,0.312
2879,0.000,0.312
2880,-0.781,0.312
2881,-0.781,0.625
2882,-1.562,0.312
2883,-1.562,0.000
2884,-0.781,0.312
2885,-0.781,0.312
2886,-1.562,-0.000
2887,-0.000,0.312
2888,-2.344,0.000
2889,-0.000,0.312
2890,-0.000,0.000
2891,-0.781,0.625
2892,-0.000,0.000
2893,-1.562,0.312
2894,-2.344,0.312
2895,-0.781,0.312
2896,-0.781,0.312
2897,-3.125,0.312
2898,-0.781,0.000
2899,-1.562,0.312
2900,-0.781,0.000
2901,-0.000,0.312
2902,-0.000,-0.000
2903,-1.562,0.312
2904,-2.344,0.312
2905,-1.562,-0.000
2906,-0.781,0.000
2907,-1.562,0.312
2908,-2.344,0.000
2909,-0.781,0.312
2910,-1.562,-0.000
2911,-1.562,0.312
2912,0.781,0.312
2913,-1.562,0.000
2914,-0.781,0.625
2915,-0.781,0.312
2916,-1.562,0.000
2917,-0.781,0.312
2918,-2.344,0.312
2919,-3.125,0.312
2920,-0.781,0.000
2921,-1.562,0.312
2922,-2.344,0.312
2923,-0.781,0.312
2924,-1.562,0.312
2925,-2.344,0.000
2926,-1.562,0.312
2927,-1.562,0.312
2928,-1.562,0.000
2929,-0.781,0.312
2930,-0.781,-0.000
2931,-0.781,0.312
2932,-0.000,0.000
2933,-2.344,0.312
2934,-0.000,0.000
2935,-1.562,0.312
2936,-0.781,-0.000
2937,-0.781,0.312
2938,-0.781,0.312
2939,-1.562,0.312
2940,-1.562,-0.000
2941,0.000,0.000
2942,-0.781,0.312
2943,-0.781,0.312
2944,-0.000,0.312
2945,-1.562,-0.000
2946,-0.781,0.000
2947,0.000,-0.000
2948,-0.000,-0.000
2949,-1.562,0.312
2950,0.781,0.000
2951,-0.781,0.312
2952,-1.562,0.312
2953,-0.781,0.312
2954,0.000,-0.000
2955,-0.000,0.000
2956,0.000,0.312
2957,0.781,0.000
2958,0.781,0.312
2959,-0.781,0.312
2960,0.000,0.000
2961,1.562,-0.000
2962,0.781,0.312
2963,-0.781,0.312
2964,0.000,-0.000
2965,-0.000,0.000
2966,0.781,0.000
2967,0.000,0.312
2968,-0.000,0.312
2969,0.781,0.312
2970,0.000,0.312
2971,0.000,0.000
2972,-0.000,0.000
2973,-0.781,0.312
2974,0.000,0.000
2975,-0.000,0.000
2976,0.781,0.312
2977,0.000,0.312
2978,0.781,0.312
2979,-0.000,0.312
2980,0.781,0.000
2981,-0.000,0.312
2982,-0.000,0.312
2983,0.000,0.000
2984,-0.781,0.312
2985,1.562,-0.000
2986,0.781,0.625
2987,0.781,0.312
2988,0.781,0.312
2989,1.562,0.312
2990,-0.000,0.000
2991,0.000,0.312
2992,-0.000,-0.000
2993,0.781,0.000
2994,0.781,0.312
2995,1.562,0.312
2996,0.000,0.312
2997,1.562,0.312
2998,1.562,0.000
2999,0.781,-0.000
3000,0.781,0.000
3001,0.781,0.000
3002,0.000,-0.000
3003,0.000,-0.000
3004,0.781,0.312
3005,-0.781,0.000
3006,0.000,0.312
3007,0.781,0.000
3008,0.000,-0.000
3009,0.781,0.000
3010,1.562,0.000
3011,0.000,0.312
3012,0.781,0.000
3013,0.781,-0.312
3014,0.000,0.312
3015,0.000,0.312
3016,-0.781,0.312
3017,-0.000,0.000
3018,0.000,0.000
3019,0.781,-0.000
3020,-0.781,0.000
3021,-0.000,0.000
3022,0.781,0.000
3023,0.781,0.312
3024,-0.781,-0.000
3025,0.000,0.312
3026,0.781,-0.000
3027,0.000,0.000
3028,-0.000,0.000
3029,-0.781,-0.000
3030,-0.781,0.000
3031,-0.781,0.312
3032,-0.781,0.312
3033,-0.781,0.312
3034,0.781,0.000
3035,0.000,-0.000
3036,0.781,0.000
3037,-0.781,0.000
3038,-0.000,-0.000
3039,-0.000,0.000
3040,-1.562,0.000
3041,-1.562,0.312
3042,-0.000,-0.312
3043,-0.781,-0.000
3044,-1.562,0.000
3045,-0.781,0.312
3046,-0.000,-0.000
3047,-1.562,0.000
3048,-0.781,0.312
3049,-2.344,0.312
3050,-0.000,0.312
3051,-1.562,-0.000
3052,-0.781,0.312
3053,-1.562,0.000
3054,-0.781,0.312
3055,-2.344,0.000
3056,-2.344,0.312
3057,-0.781,0.312
3058,-1.562,0.312
3059,-1.562,0.312
3060,-0.781,0.312
3061,-0.781,0.000
3062,-2.344,0.000
3063,-0.781,-0.000
3064,-0.781,0.000
3065,-0.781,0.312
3066,-0.000,0.000
3067,-0.781,0.312
3068,-0.781,0.312
3069,-0.781,0.312
3070,-2.344,0.312
3071,-2.344,0.312
3072,-1.562,0.000
3073,-2.344,0.000
3074,-1.562,0.000
3075,-1.562,-0.000
3076,-1.562,0.312
3077,-0.781,0.000
3078,-2.344,0.312
3079,-2.344,0.312
3080,-0.781,0.312
3081,-2.344,0.000
3082,-3.906,-0.000
3083,-0.781,0.625
3084,-0.781,-0.000
3085,-1.562,-0.000
3086,-2.344,0.312
3087,-1.562,0.312
3088,-1.562,0.000
3089,-1.562,0.312
3090,-0.000,0.312
3091,-0.781,0.000
3092,-1.562,0.312
3093,-0.781,0.000
3094,-0.000,0.312
3095,-1.562,0.000
3096,-0.781,0.312
3097,-0.781,0.625
3098,-2.344,0.000
3099,-1.562,-0.000
3100,-0.781,0.000
3101,-0.781,0.312
3102,-2.344,0.000
3103,-0.781,-0.000
3104,0.000,0.312
3105,-0.781,-0.000
3106,-1.562,-0.000
3107,-0.000,0.312
3108,-0.781,0.312
3109,-0.000,0.312
3110,-0.781,0.312
3111,-0.781,0.000
3112,-0.000,-0.312
3113,-0.000,0.312
3114,-0.781,0.312
3115,-0.781,0.312
3116,-0.000,-0.000
3117,-0.781,0.000
3118,-0.781,-0.312
3119,-0.781,0.312
3120,-0.781,-0.000
3121,-0.781,0.000
3122,-0.781,0.000
3123,0.781,-0.000
3124,-0.781,0.000
3125,0.000,0.000
3126,-0.000,0.000
3127,0.000,0.312
3128,-0.781,0.312
3129,1.562,0.312
3130,0.781,0.312
3131,-0.000,0.312
3132,0.781,0.312
3133,-0.781,0.312
3134,0.781,0.312
3135,-0.000,0.312
3136,-0.781,0.000
3137,1.562,0.312
3138,0.000,0.312
3139,0.000,0.000
3140,0.000,0.000
3141,0.000,0.312
3142,1.562,0.625
3143,0.781,0.312
3144,0.000,-0.000
3145,0.781,0.000
3146,0.000,0.000
3147,-0.000,0.312
3148,1.562,0.000
3149,2.344,0.312
3150,0.000,0.625
3151,-0.000,0.000
3152,0.781,0.312
3153,0.781,0.312
3154,-0.000,0.312
3155,0.000,0.000
3156,0.781,0.000
3157,0.000,0.000
3158,1.562,0.312
3159,0.000,0.000
3160,-0.000,0.000
3161,0.781,0.625
3162,1.562,-0.000
3163,0.781,0.312
3164,1.562,0.312
3165,0.000,0.000
3166,0.781,0.000
3167,1.562,0.000
3168,1.562,0.312
3169,0.781,0.000
3170,0.000,0.312
3171,-0.781,0.312
3172,1.562,0.312
3173,1.562,0.312
3174,0.000,-0.000
3175,1.562,0.312
3176,1.562,-0.000
3177,0.781,-0.000
3178,1.562,0.312
3179,-0.781,0.000
3180,-0.000,0.000
3181,0.781,0.000
3182,-0.000,0.312
3183,0.781,0.000
3184,1.562,0.312
3185,1.562,0.000
3186,0.000,0.312
3187,0.000,-0.312
3188,-0.781,-0.000
3189,0.781,0.312
3190,0.000,0.000
3191,-0.000,0.312
3192,-1.562,0.000
3193,-0.781,0.312
3194,-0.781,0.000
3195,1.562,0.312
3196,0.000,0.312
3197,0.000,0.312
3198,-0.781,0.312
3199,-0.000,0.312
3200,-0.000,0.312
3201,0.000,-0.000
3202,-0.000,0.000
3203,-0.781,0.312
3204,1.562,0.312
3205,-0.781,-0.000
3206,0.781,0.312
3207,-0.781,0.000
3208,-0.781,0.000
3209,-0.781,0.312
3210,-0.781,0.625
3211,-0.000,0.312
3212,-0.781,0.312
3213,-0.000,0.000
3214,-1.562,0.000
3215,-1.562,-0.312
3216,-0.781,0.312
3217,-0.781,0.312
3218,0.000,0.312
3219,-1.562,0.312
3220,-0.781,0.000
3221,-0.781,0.000
3222,-0.781,0.312
3223,-1.562,-0.000
3224,-0.781,0.312
3225,-2.344,0.000
3226,-1.562,-0.000
3227,-3.125,-0.000
3228,-1.562,0.000
3229,-0.781,-0.000
3230,0.781,0.312
3231,-2.344,0.000
3232,-1.562,0.312
3233,-2.344,-0.312
3234,-2.344,-0.000
3235,-0.781,0.312
3236,-1.562,-0.000
3237,-0.781,0.312
3238,-1.562,0.312
3239,-0.000,0.000
3240,-1.562,-0.000
3241,-2.344,0.000
3242,-0.781,0.000
3243,-1.562,0.000
3244,-0.781,0.000
3245,-0.781,0.000
3246,-1.562,0.312
3247,-2.344,-0.000
3248,-0.000,-0.000
3249,-0.781,0.000
3250,-1.562,0.312
3251,-0.781,0.625
3252,-0.781,0.000
3253,-2.344,0.625
3254,-3.125,0.312
3255,-1.562,0.312
3256,-1.562,0.312
3257,0.000,0.312
3258,-2.344,-0.312
3259,-1.562,0.000
3260,-0.781,0.000
3261,-1.562,0.312
3262,-0.781,0.000
3263,-0.781,0.312
3264,-1.562,0.000
3265,0.000,-0.000
3266,-0.781,0.312
3267,-0.781,0.312
3268,-0.781,0.000
3269,-0.781,0.312
3270,-0.781,0.000
3271,0.781,0.000
3272,-1.562,0.312
3273,-0.781,0.000
3274,-2.344,-0.000
3275,-0.000,0.000
3276,-0.000,0.312
3277,0.000,0.312
3278,0.000,0.312
3279,-0.781,0.000
3280,-1.562,0.000
3281,0.000,0.000
3282,-0.781,0.312
3283,0.781,-0.000
3284,-0.781,0.312
3285,-0.781,0.312
3286,-0.781,0.000
3287,-0.781,0.312
3288,-0.000,0.000
3289,0.000,0.312
3290,-0.781,-0.000
3291,0.781,0.312
3292,-0.000,0.312
3293,-1.562,0.312
3294,-0.000,0.000
3295,-0.000,0.625
3296,0.781,-0.000
3297,0.000,-0.000
3298,-0.000,0.312
3299,0.781,-0.000
3300,0.781,0.000
3301,0.000,0.000
3302,1.562,0.312
3303,2.344,0.000
3304,-0.781,0.312
3305,1.562,0.312
3306,0.000,0.312
3307,0.781,0.312
3308,0.000,0.000
3309,-0.000,0.312
3310,0.781,0.000
3311,0.000,0.000
3312,-0.000,0.000
3313,1.562,-0.000
3314,0.000,0.312
3315,0.781,-0.000
3316,0.781,0.000
3317,-0.000,0.625
3318,1.562,0.312
3319,-0.000,-0.000
3320,0.781,0.312
3321,1.562,0.312
3322,0.000,0.312
3323,0.781,0.000
3324,1.562,0.312
3325,0.000,0.312
3326,-0.000,0.312
3327,2.344,0.000
3328,-0.000,-0.000
3329,0.781,-0.000
3330,-0.000,0.000
3331,0.781,0.000
3332,0.781,0.312
3333,-0.000,0.312
3334,1.562,0.312
3335,1.562,0.000
3336,0.781,0.000
3337,-0.000,0.312
3338,1.562,0.312
3339,0.000,0.000
3340,-0.000,0.312
3341,0.781,-0.000
3342,-0.781,0.000
3343,0.000,0.312
3344,0.781,0.000
3345,0.781,-0.000
3346,0.781,0.000
3347,0.000,0.000
3348,0.000,0.000
3349,-0.000,0.000
3350,0.781,0.312
3351,0.781,-0.000
3352,-0.000,0.312
3353,-0.000,0.000
3354,1.562,0.312
3355,0.781,0.000
3356,0.781,-0.000
3357,-0.781,0.625
3358,0.781,-0.000
3359,-0.000,0.312
3360,-0.781,0.312
3361,0.781,-0.000
3362,-0.000,0.312
3363,0.781,-0.000
3364,-0.781,0.000
3365,-1.562,0.000
3366,-0.781,0.312
3367,-0.781,-0.000
3368,-0.000,0.312
3369,-0.000,0.000
3370,0.000,-0.000
3371,-0.781,0.312
3372,0.000,0.312
3373,-0.781,-0.000
3374,-0.781,0.312
3375,0.000,0.000
3376,-1.562,0.000
3377,-0.781,0.000
3378,-0.781,0.000
3379,0.000,0.312
3380,-1.562,0.000
3381,-0.781,-0.000
3382,-0.781,0.312
3383,-0.781,0.312
3384,-2.344,-0.000
3385,-2.344,0.000
3386,-1.562,0.312
3387,-1.562,0.312
3388,-0.781,-0.000
3389,-1.562,0.312
3390,-0.781,0.312
3391,-1.562,0.312
3392,-1.562,0.000
3393,-1.562,0.312
3394,-1.562,0.312
3395,-0.781,-0.000
3396,-3.125,0.312
3397,-2.344,0.312
3398,-1.562,0.312
3399,-1.562,0.312
3400,-1.562,-0.000
3401,-0.000,0.000
3402,-1.562,0.312
3403,-1.562,0.000
3404,-0.781,0.312
3405,-1.562,0.312
3406,-1.562,0.000
3407,-1.562,0.312
3408,-1.562,-0.000
3409,-0.000,-0.000
3410,-0.781,0.000
3411,-0.781,0.312
3412,-2.344,0.312
3413,-0.781,0.312
3414,-1.562,0.312
3415,-3.125,0.312
3416,-1.562,0.312
3417,-2.344,-0.000
3418,-2.344,0.312
3419,-2.344,0.312
3420,-0.781,0.312
3421,-0.000,0.312
3422,-0.781,0.312
3423,-0.000,0.312
3424,-1.562,0.312
3425,-2.344,0.000
3426,-1.562,0.312
3427,-0.781,0.625
3428,-0.781,0.312
3429,-1.562,0.000
3430,-0.781,-0.000
3431,-0.781,0.000
3432,-2.344,0.312
3433,0.781,0.312
3434,-1.562,0.000
3435,-1.562,0.312
3436,-1.562,0.312
3437,-1.562,0.312
3438,-0.781,0.000
3439,-1.562,0.000
3440,-0.000,0.312
3441,-0.781,0.000
3442,-0.000,0.312
3443,-0.781,0.312
3444,-0.781,0.312
3445,-0.781,0.312
3446,-0.781,0.312
3447,-0.000,-0.312
3448,-0.781,0.000
3449,0.000,0.312
3450,0.000,0.312
3451,-0.781,0.000
3452,-0.000,0.312
3453,-0.781,0.000
3454,0.000,0.312
3455,0.000,0.312
3456,-0.000,-0.000
3457,-1.562,0.312
3458,0.781,0.000
3459,0.781,0.312
3460,0.000,0.000
3461,0.781,0.000
3462,0.000,0.312
3463,-0.000,0.312
3464,-0.781,0.625
3465,-0.781,0.312
3466,0.781,0.312
3467,0.000,0.312
3468,-0.781,0.312
3469,1.562,0.000
3470,0.000,0.000
3471,0.781,0.000
3472,0.781,0.000
3473,0.781,0.625
3474,1.562,0.312
3475,0.781,0.000
3476,0.781,0.000
3477,-0.000,0.625
3478,-0.000,0.312
3479,0.000,0.312
3480,-0.781,0.000
3481,0.781,-0.000
3482,2.344,0.312
3483,-0.781,0.312
3484,0.781,0.625
3485,0.781,0.312
3486,2.344,0.312
3487,1.562,0.312
3488,0.781,0.312
3489,1.562,0.000
3490,-0.000,0.312
3491,0.000,0.625
3492,0.781,0.000
3493,1.562,0.000
3494,-0.000,0.000
3495,0.781,0.000
3496,0.000,0.312
3497,0.781,0.312
3498,0.000,0.000
3499,0.781,0.312
